User's Ranking	Negative	Neutral	Positive
1-star	53215	14599	31216
2-stars	18464	8994	39535
3-stars	9931	8498	77616
4-stars	6835	9054	186598
5-stars	6904	10769	317772
			
	Neg	Neu	Pos
1-star	0.53736242	0.14741997	0.3152176
2-stars	0.27561088	0.13425283	0.5901363
3-stars	0.10339945	0.08847936	0.8081212
4-stars	0.03375525	0.04471398	0.9215308
5-stars	0.02058162	0.03210362	0.9473148
